month,user_id,money
2019-09,001da4058ff6092169d8e00e754ece9b,59.85
2019-09,002244457c642c45f6095d0a4d2d83d0,0
2019-09,006ed146fd66ec5f38c0aa87593c00fb,18970.2
2019-09,00ef26a0e4b3459e93a488c6bc17c166,170787.96
2019-09,01986d1f875dcab965cf33588c086024,5.4
2019-09,01c6fa162c169b35eb83877a54f8e643,5
2019-09,021479da5720b41c17b66094dcfe7f93,16.2
2019-09,028f5b699a96eba9853c2177bb24acb8,243.96
2019-09,035d3ee923e701464cdae077083a3f96,128.25
2019-09,037e8dd75e5fe3d0948455ec21764b4f,0
2019-09,038d34f42dcdc8d3a0f9344c76ebf7b1,8.56
2019-09,0395c0ce72c8fe8339afc205f7072f2e,2688.16
2019-09,039d50293145e1a0d83686edf629ed7f,84
2019-09,0426c0f676546e209708fb1503c46703,111.15
2019-09,046cfd6952def5f26cbf9fe3d8d3bad2,0
2019-09,0496c35a1c20ef53ab4617954517a754,1602.72
2019-09,05ef9a3f45c382716185644999254511,389.48
2019-09,069d44e812f5491f3a87bb0c56fdd3a7,4236.12
2019-09,06a3f3985f6c19f5aee48bd6c7e3d1a7,8.55
2019-09,06da88d46de69d189d5ff482d7c5d84d,200939.4
2019-09,07139e238b37f1e202e74019b2baf7d1,1231.2
2019-09,07578e7c75c0dfdffff291b155c3d589,28.32
2019-09,075d468a35c9910525e68d7cd03aecb6,53.1
2019-09,077df73ea06a407cc09928accb870664,17.1
2019-09,07c9c9d383ee79ab13aa08d35a2f3a21,5.4
2019-09,0844c915ef1aa52cd977ca9137442d52,8.55
2019-09,084e3fec4ae6d0e3c422012862ea2fa1,38278.35
2019-09,084fb9551d121fb3aec6efa15733ed1b,0
2019-09,08afa78e7bc01a9c4b9d84f3f2130219,10542
2019-09,091c2c94eb7ce2657d5edc3643aaa797,32.4
2019-09,0948acaa6570d11d1d47bf481f54e681,355.24
2019-09,095cc8a47820343ba7c19d00f94a2917,3.6
2019-09,09c0018ffe7fab497eb56d5e32095ca8,252.52
2019-09,09c9464f849c1924556c3e77a3b43bca,8361.9
2019-09,0a818d3f5d60b065d1627d278106db93,196.88
2019-09,0a865caeeab2a4baeced970a2d306f46,168101.64
2019-09,0abdc1047118f6367b2dc368ee4fe1f4,31096.35
2019-09,0adbf94e12d0716f0f2c24d1e54ee280,16.48
2019-09,0ae0286dda5ed7689920fbaec3fdb3c6,17946
2019-09,0b01a619a2c9f16472b979497f008634,102.6
2019-09,0b0bb04d2f8765121288efab62a9bba1,1077.3
2019-09,0b772016beffbb662215155783de6902,145.35
2019-09,0bcef250fe7b9b30673553b1d0af8f7f,4.47
2019-09,0cc77f4f7a8103ec2833f5b9165be2d6,4520
2019-09,0cc84a5cbceb9c575a034fb808b67bc4,115.5
2019-09,0cf18b0f7c28a05098620c5dafcdf6ae,18
2019-09,0d6b6491bcbed84c8568c255ab7d2c3e,6
2019-09,0dc3c389b9e421ea40f09a215178c59b,30
2019-09,0ddde44f25aa95739169070ae75e4deb,6
2019-09,0de60e2289fe5eac4bd7f8a5898ce1c1,203185.8
2019-09,0df72555984ada322056560a1eea19e5,0
2019-09,0dfeb3f8ecb1bb3e356a21281e8aefbc,360.36
2019-09,0e2db2403b4ccbf927110e2b20cda1d5,0
2019-09,0e99bbb3557c0519c75203267ddfceb9,342.4
2019-09,0f79d159e6fe7216fac7caa1c1fc75d8,0
2019-09,0fb52050b2262ee6762cc3939f792825,10.8
2019-09,100f8afd61529a9dda3f4a8e112712e2,214.2
2019-09,1026a8d6ee52af28a491473b0321371a,1171.35
2019-09,1086448759dc55cdb311e5456d2a132a,8.55
2019-09,10b3ccd41da413f3ece8af7f48c2df1c,0
2019-09,10f54a838356ee8b7aebaf4f8b1f779c,21.24
2019-09,10f7498905909ed05da0ed2df58209c8,0
2019-09,11112065d035120c140f4eeed43a6c41,20433.62
2019-09,1128fbf16d9ffa82d099133e9aab5b83,48745
2019-09,11485c95b72b99cc5190e098ee065ef5,6
2019-09,12cbed501bdedeaa493f93fdb6d56ed7,9
2019-09,130041bc6df41164c9ce324d2f331b39,4.47
2019-09,1324dd27de21b1e432bc4f5bfd8150cc,16.2
2019-09,1365325845b49e2c980c84be6cdaa9fa,4547.5
2019-09,138c0f857d628c5e15833a4fd250a8c1,2950.36
2019-09,1447f76eec61940c05d5ae6baa1d86a4,8.55
2019-09,147b3ebd20cc0a67e273d4ffbb47c817,8.56
2019-09,147f9c90d74c592ed523871e85360e38,211955.4
2019-09,1554690e22253b6863d9f2680ac68e0b,6
2019-09,156fef166656e363901ea9e83c4848f5,669.92
2019-09,15b5536434cc03f6e4219d2c8400079c,1848.64
2019-09,15de4e58b78f6aa9402fd9834894c312,238.08
2019-09,15e002c357cd0a40c24e5f867e153a40,4.28
2019-09,15eb262debd6a1d6bfbf8701ecb9dd1c,1560
2019-09,160922f457f899eb9c2aa108db875690,63999.66
2019-09,1686c26e0f528b7e0f1bb68aa1d61206,983.25
2019-09,168f8ddab307819a1af7d94b0e7f5a79,48680.1
2019-09,16d4561aea070cb0c362c43d8f940984,1462.05
2019-09,16d8839019b5ddc9185dd1273ab79efd,252.96
2019-09,171782c1960b881f4c745f9ea964326b,27
2019-09,1757c4332b0ada870d85fb8d8bdae73a,275.4
2019-09,17949555875a6d464142a1640d4f664e,203.52
2019-09,17a69aac42150a424d396180e7d227d4,13488
2019-09,17af2311ddc0968cf70ad76ffe144887,5.4
2019-09,17e207ef5eeba71df1d32bba1afd191d,1402.2
2019-09,18a4c1cc971db257f90c308c1412e188,5580.85
2019-09,18b38bba1fe9cf1b8990d43556e8bc88,0
2019-09,18bb67b028a70d54d0e4e31d9d18d28f,19642.28
2019-09,18bf11b727e6df87b43a21eda2e649bf,1933.44
2019-09,18cb578e1fe924461b51633c3fff6a5e,8.55
2019-09,18f6b9c91316b83c7dad91c172b26e93,8.56
2019-09,1919f53362d07cf6bd2ccfac644b4c11,205.2
2019-09,19503b62c1d057046ac52cb685baa8bf,2511763.73
2019-09,19c534284566932b07395fb2e79f7f64,1218.81
2019-09,1a3236eb8c61c0d27c1e8cc2703b28bf,3040.2
2019-09,1a63aa06211dff0e3848ed86d0c6f662,570
2019-09,1a78b1e6811ec7908ffc600d54327a3d,0.62
2019-09,1aec8e846bd070d6b94aeaa723f9d903,1.2
2019-09,1b73d6d1b1acbe8807612e6761fb845e,239.68
2019-09,1c1c8acca9b6153e65785501019a3421,25.65
2019-09,1c646db7a5a45973df3f5d64277e84c8,234
2019-09,1c6acd7666301dd7eac0052f7b253da6,10.8
2019-09,1ce438a86f6f60280b42c106c0bd951a,7026.25
2019-09,1d8db9ee62ccf2a778f888e8d0cc6fea,8.55
2019-09,1db266cd351187a411ba653f4e8e5f32,50368.5
2019-09,1dbc63e617689c19354a70b3ffca474e,2136.96
2019-09,1de46d59f3d9e851e98e86bc7d4fbed4,0
2019-09,1e2a2a3fae625e8f1cba1530665e471a,17214
2019-09,1e655bb540ede43876b63da54117e1a8,186
2019-09,1e79a27e5a4b5ed202a8602ac6f35413,0
2019-09,1ec1f698018ebf57f0045bd8896efcc5,0
2019-09,1ed94c1aff4407847aa4f62583f727a4,17.12
2019-09,1ef2f5924dee0fd772882141de6b00a0,0
2019-09,1f760e320ab694b37dec0beedc4cdf79,485
2019-09,1fbf8551b5f233d6551c9f016053c463,8.56
2019-09,1fe4163db08fd03e8342a96c6dff07d2,11645
2019-09,1fe86b08331d156dfff4df01642ae40f,440.84
2019-09,1feee4870c7a2ef5e70c560dd87557eb,5197.6
2019-09,1ff7aee719ed85d1e3cd011ad014bc36,8.48
2019-09,206fff605b7a026462f49cc397c57bd1,1872.45
2019-09,20bbd0a611d0bb386d37c3de58a087c7,62839.74
2019-09,216d6b0240117869c11f2d9e66025dd3,70
2019-09,22140ac27dc56f1c7f4f5d1892cf6eb5,19274.92
2019-09,22a1748a12552de6a7bc8d97ddaf020c,59.92
2019-09,2327dcdd2dbe7dab1efd19cabe02ca52,239.68
2019-09,233ffe5776d1e95540fb0382e0abcbef,51.36
2019-09,23f1cc1eaa31d4fc18fd09f2abd601cd,126.28
2019-09,23f41df382e3c7ef9d78890952e6bf60,254.4
2019-09,2471b62d8b60b407ce70b460991dc7bd,190.4
2019-09,247ceec35d078471bf5749e4bcfbf6da,53.1
2019-09,24f9123c10e88607363faab6d5f8f19c,47660
2019-09,2531af23fa38f2d4863a3855451c6483,7.2
2019-09,25361485bd241b3dccdfdf1302d230c5,7.2
2019-09,25b0c7dd9f9b53a847a2b83f287f3912,4882.5
2019-09,25dcd56c6ed75841a82d905650f60e6d,194413.8
2019-09,25fcfdb1d011cabdf2532acc8fcb3b47,1712.96
2019-09,25fed85c0d142881a3419fc4b77e34ed,2464077.86
2019-09,261e435e8ea4138339151357f5509c88,0
2019-09,264f7a845314ed9aac1cf25c64208e8a,252.56
2019-09,26ba8035b43d17b11028e86aa438135a,232.2
2019-09,26f9444dcd1d89b950a17fe6c94fea58,0
2019-09,26fd8af0ab8ce2272bae2900a3ad100e,0
2019-09,277925dfc260eb2f7f5ff234fe078610,15
2019-09,27852e0c45f97bf7775dc09196f1a2dd,8.55
2019-09,2797f056af4e2eea95c36af59edf634e,55.64
2019-09,27b65b5e961c20496ee2afeaf9b5332a,0
2019-09,27b89fef3fed4bf887562bdb213513dc,34.24
2019-09,27dd69ad6918e7df502887c9be10e4e7,848
2019-09,27fe87da8116044eb17f8b4c5ad9a2cb,275.4
2019-09,28393e4c7fb8d302750212d19bf8502c,6022.5
2019-09,2842137e1d3b4cb860e8cc3a7e52f4d5,15
2019-09,28a65343f0c54ace17a54b48b9534f40,30147.3
2019-09,28a895a2d7860e25f05ca1a7fa9c9a06,22611.4
2019-09,28beb3ecd9d2ed1477edb10e3325b112,56.7
2019-09,28dc83c572f3d58b2f1e60b2bf467d97,32.4
2019-09,2902ab1696f003e66c5a7060ab829bd2,1447.53
2019-09,29162acfc8cf6008bd64b7bfff3b2030,557.5
2019-09,29403059208a3b6c28408f8035b0242a,216
2019-09,29b148b1bf1ac7fbee04591586097929,712.32
2019-09,29bb96900dd76c9534be2f320db887ff,82.5
2019-09,29c8e8155a9c20c39ecf69f770a77adc,237.44
2019-09,29db025614b34c494d5390262807cdb9,279.84
2019-09,29ffddcce48a18e3fac9c0d572e59259,5.4
2019-09,2a3eb33f4fa177bded56b6ee415afcfe,8.55
2019-09,2a495fbdeba0b3b6e5e5f229c211edec,221.13
2019-09,2a9370d1580c14fdd422faa7f979f83f,15
2019-09,2ad896531845196d088f4cbca4bbe04f,8926.2
2019-09,2af6dac43538cefc9acd571d6fe32fb3,47.08
2019-09,2b675efe8956d2d7ec717e6eb144ba16,8.55
2019-09,2b6d4295470e31cd06efa6113843a1ab,170914.24
2019-09,2bad5161bdbbd93e115cb56ea318cc0d,8.55
2019-09,2c09e8cac9145dbccf165d0ae7b33b60,246
2019-09,2c647363be5303032f23e714eb5e8f77,5022.4
2019-09,2ce97f980551aa25cb2f121e3ea3aa2f,3223.8
2019-09,2cfb1a16491b0e6d24797e5a34a31ab0,452.5
2019-09,2d1c8dd1b486d288ab411d4dd5e8e53b,5.4
2019-09,2d355a9067dd1f8ac7e0d0c1ffca5e81,19607.4
2019-09,2d3becfe1420dca3a389dce47137388a,4210
2019-09,2d3ee1646aee9e3d8aff1dfb47438a63,428.61
2019-09,2d83cf42efeb00b2e948d74c6d32bb66,35.4
2019-09,2d8abecae473694e557f43233e63bcf1,572.5
2019-09,2e036ac9d70c9f5657f2937a74785ca3,114.8
2019-09,2e30f866eac2cbc037efb57d5aa77005,10.8
2019-09,2ee4d332def02743fc4e3add0e14537c,50843.16
2019-09,2eecd66863bad2ea0bde1edfc28144fc,21.24
2019-09,2f2ad1da95709a888cb042cd66063b92,5.4
2019-09,2f533fd737424db9c1308cabb75c5574,76.95
2019-09,2f5ef94462cb77067d98b8cdf4ee9d63,5.4
2019-09,2f6fffb1da2fb05a697d429e7eebe84d,6
2019-09,2f8d129a9cc4865b609ffe4ed48d17e3,28.32
2019-09,2f9d4a551d7b01d3f4b4441fd13e3f95,1145.7
2019-09,2fc9681432006df4d959ead809099ff0,26.55
2019-09,2ff53a5d24325637ac12c6ae263e7dea,98.28
2019-09,2ffe4d97f0dd78ef38d2701c6c2a40fe,14.16
2019-09,306d1addc6adfa32b930d524eb57b046,654.84
2019-09,30798b808edcd3a9c722497cfba42de2,82.5
2019-09,30c3184e61418f070489b4b5d367e02a,1797.76
2019-09,313024a4fa39f2bd8112f093afee269b,5
2019-09,316a48f365a73a0aa17cdc3448c1f202,30
2019-09,31f807ce237229b3bcf7bfab81d578b3,309.96
2019-09,31fcf7cba643a35692a58c018e6c49c5,9
2019-09,3256b22c1412d4eafa720c45bea3b2e1,22.5
2019-09,32a2e3ba655a0298f44e9c0a98d50a85,949612.78
2019-09,32bc5c08d8a278227f090e9d6e4c533a,48314.7
2019-09,334a8e6497a2d0e8f941ea92b67994fe,0
2019-09,33842820fe91952eff3439be31a50f35,199.8
2019-09,33c1ee11898ae4e4a25121df1cad5e9b,16542.68
2019-09,341a8823fa77deecb37b1c33c0ff0cf7,0
2019-09,3479f08327503768ca533bc2e7501f68,346.68
2019-09,348117afa00b654bb854e73d31616de5,7.44
2019-09,348c1658d35783857378d9b6a6645323,3257.55
2019-09,34fc2c50804be48eafafc585f45cd695,783.24
2019-09,357a5804966edfa8fc3cd8434110d994,87.5
2019-09,3702c422b0afc53681d6ec41e1d4897d,12.84
2019-09,3708f2311eeda0a15bde5a20b3160c7f,8.56
2019-09,371737855808037ce25bdf5a17143595,0
2019-09,37865e2ca61c31589ed070988af89189,10545
2019-09,37ca1575f235bca34d4c19610cd59f30,228
2019-09,38013ab67d0d82f4621031189473b50c,16.2
2019-09,381b71ef79d6e5bb0c16b508dbdc0966,62453.1
2019-09,38564887dc0013a3a31d383fa10bc544,42.75
2019-09,3866db52e4456a19677e242099cb39b8,49705
2019-09,3882e9891180131cb5925089303e6c7d,0
2019-09,38c9fc4ddaab67aff357577331c9d356,17340
2019-09,38d23897f0b64063a09018d0bbbb45e6,5
2019-09,38dd35ddbcbcd4fc5156791e24a45e85,8.55
2019-09,38f3d279417e96d3ffd5dedad0f5a368,5.4
2019-09,38f580295cd37c637e27043eb7dee4e3,9240
2019-09,393fef54b074ae3ac288b3eaee67bb50,14177.8
2019-09,399075a5a3a1c8fbebaa23ab765d2a98,7347.45
2019-09,39b7f916627d771bcf028a3bdce556da,0
2019-09,39c21baffd5ee0380ffbe10559ec4599,4.28
2019-09,39fa4a8e5c74c476be2c9a3cb639b04e,38.52
2019-09,3b154d1a47ccb79a12833905ad214f34,2360699.62
2019-09,3bf1c4adc7a5ccb1eb6f712f43fa78ce,17322
2019-09,3c0309e185ee34644d6553138f1841bc,9212.5
2019-09,3c15e4facf22f838fa174507f019eedb,51.36
2019-09,3c221a25f0ed86596539507f033b687e,54.72
2019-09,3c2a93feaab8c9811fa50dca102d4f6f,31387.05
2019-09,3cc530532536234d01eced49d13e1ac4,8.55
2019-09,3cf11b06ea90e8b29ac949921311aa7b,0
2019-09,3d2b5bf81e24c3ceefb471b1ecbf98e9,80.36
2019-09,3d79b1238fb614153c29f0e204d6e911,2781
2019-09,3e8dfed94d875f3f4946cc0476655bf7,332.92
2019-09,3e8e0bdb14147f5c64147d7ae61acca2,202073.4
2019-09,3ec8de4a47245ac00c05ed440083e74f,156.24
2019-09,3f3f3fc503facace0a7ff9a979da6908,0
2019-09,3f6acf979b29bc3010ec748d4813879e,3159
2019-09,3f6f0009fffc4f7ddf43dacac16f82d9,627.5
2019-09,3f80353a38e6bc7175e0b8fd1c7432ba,4.28
2019-09,3ff93a369a26787463fe08f8557904ed,76.95
2019-09,4003c19ced9a79ab3cc5aceaa08e6c4f,5.4
2019-09,41217ff86b318be07ac744ed88763771,21.24
2019-09,4190e4412f0b20a4232f3b2f77359a82,7908.75
2019-09,41b6aaeb67a247518fa73f44e95bcf3a,15
2019-09,420fd9889aed96bf96f07356edd4be8d,16.48
2019-09,4211b1e9b6ce4d5c6c83117227a1ae12,254.4
2019-09,4229e656a5bc51acf9193bca907d600d,21996.62
2019-09,42304f86b97881eac213e70813579a40,7.2
2019-09,429f7b2e17160819235250fc29c13a9b,142.8
2019-09,42cfaa5957a5d112f1814ef00463ed61,39.15
2019-09,4358c7ce647527dbc346ade22a4b288a,1838.25
2019-09,4393635fb8a5aa5f50df063a87128306,48.6
2019-09,442b97fd53a5f0d07df349864154462f,180144.16
2019-09,4436e974a87f0c0d3a2bbfcbaa6282cb,166.6
2019-09,4448475bb9d8e25a2b8564e20796657f,7558.2
2019-09,445c6738c3501e8a12fe5a233b681c69,1.05
2019-09,445deccd24467c7a709aee7cb50c1f9d,5719.55
2019-09,4473f743fe8f15af4b0e7ffcfe3e2804,0
2019-09,449b57e14b4d40e2c940d4d3f784ac4c,17598.84
2019-09,44e1780f4ed9b2dc08de68d0d19a3ce9,2357.44
2019-09,44e9de79e7fb9080beebaf68ac2b6851,17496
2019-09,44ebbabe836a76b96b7eedfa439d0f91,17.12
2019-09,4508ffc17648b3bc8ac4fc1b3aac82d2,565.02
2019-09,4554c3902f173e8fb54d557091cf38db,0
2019-09,4574356fe4dcbf3a2ccd9099aee093cf,12834
2019-09,457e9a31591658d8c1242cf179496f8a,32.4
2019-09,4746dd7da4815c363324d9a5a1a7137d,8.55
2019-09,476e8fef364c365c5ff1e937c29f78db,605
2019-09,47ff8753c20e08e2fc6db63e26b7630c,15
2019-09,48372a23993ba2f2a24eb5e703d532bc,2983.95
2019-09,483c13b265c53774137cb9ea6542390f,16887.08
2019-09,48aa1cd0b3d04a1269e7aafa71b25faa,48817.5
2019-09,48df3bfa5e2a5f9a92180fd6e1bf48d1,245.52
2019-09,48e59a11c0a14d3538ba9d2fc0f1f8a6,51.36
2019-09,491d8cbd681d8d8589a4270189773bc4,1333.8
2019-09,496a31367d20850fe2165078dbcb3f18,18184.32
2019-09,49a25ff5ee5c88fa9b2ea1a89358fb8c,64053.36
2019-09,49f83adad689274b2cf91b2b54483ea5,5.4
2019-09,4a2a8c7cc0ab472432e6f707c8d46f41,0
2019-09,4a817146f82c0266745a352e9e1d2ac1,5.4
2019-09,4a85076c35a885abf2db616a1d0cd7df,2.4
2019-09,4aaad8819fa42ee40ffb41a64f31631b,17725.12
2019-09,4abdc92ec8b8c4c6680409c260a4868b,0
2019-09,4b12560889a089b7a86de2ada551c2e0,12.84
2019-09,4b195bca68a1f25312f74a8b6b6a56b9,0
2019-09,4b39b2487151879c1db322b785f7a3c2,4970.84
2019-09,4b80980a8ce748106332632c5b51e4ac,0
2019-09,4b977a0b0e79bf9ca95725f921cfa1be,186
2019-09,4bc894a3be51310bf2c89a9a1357f3c9,5.4
2019-09,4bfea11ee57766d2e6343c9810058cea,25.65
2019-09,4c058d04ef8fa4f378665a36a7ca2555,73.5
2019-09,4c07377efabda34cf4d0b8077244d071,5617.35
2019-09,4cb7b8b9026d1865449ba4985d28a633,0
2019-09,4cc9d9e06f3012ac4551106c895e062f,507.5
2019-09,4db2a7ed3caf1d0b53b790eb720887f0,142.8
2019-09,4dc4e427f0ae7b0c5df78b2c30311b5e,0
2019-09,4e58e7b92be62a7b877bb70bc3b1ff5b,703.84
2019-09,4e88440765aa44a1f01bc3eb4ee1cddd,0
2019-09,4e8e494a9537c24c08c29c876afcc704,3903.2
2019-09,4ec72d7e386041ed107ef2f4f94756d4,198
2019-09,4f7356b701b2cc8254c44f3387e494eb,3321
2019-09,4f77a36b14496e7493e0f58011cd6413,526.44
2019-09,4fa837c5e5a2ff6c24d2ed9ec87de543,1957.95
2019-09,4fbba2745b6bc0df0eec1ff8ce7f0402,240
2019-09,4fd5658e520b109e386732612fc31a8b,2.1
2019-09,4ff9f034368970f6867b03912d353869,232.2
2019-09,500ce9d081f8f909371600b2ca64c10b,1038.51
2019-09,505933be89ecdd7876e37ed92a6f2d70,5
2019-09,50733c378569bd933c4c8d96463914ea,142.8
2019-09,5083e122e3bdc2b595cddb1345cc74d4,1062230.04
2019-09,50aabc51b4bdc3534519d3de9554e4af,52550
2019-09,50d8cd9bdab80a7741f296755f4ca7ca,1625
2019-09,50f9dcf64b65ded9138baf3c53dd5bb6,1.05
2019-09,512a16beced3076e18bc68d8873a01e1,992.96
2019-09,516e42f0f1487b5c3910b83abbc4eb27,77.76
2019-09,5188d8091dc0c1c3f00a05ac7b426263,35.4
2019-09,520710b6ca20c94235acaeb7c13a972e,0
2019-09,52094d2f48e60dc35a7e6f88df688ee9,103.32
2019-09,533e14acfc5d1ac6582f260f84cd1239,22041.6
2019-09,5348be3bba0bb0f78945537e1b6ba776,76.44
2019-09,5383a61fe76075fdeb30d1f6dcba6593,13590
2019-09,53e30bc58bc62b2b99c46e3b1c8bca0c,0
2019-09,543423f806d5b89987fd27a3693f805d,18999.4
2019-09,5452d40d307068f8a89e0aa667e43c43,899626.6
2019-09,548b32459f32fed22e74a069b9e79119,12.84
2019-09,54959edc68169cd56e573a41276420b8,13752
2019-09,54d2e15d662ef9bb708bae0b3abd2584,10.8
2019-09,550b8bd6ca32ac202e47e2c8644ba4ec,52.65
2019-09,555e489f6f37a8366beaa60aa1dc4ca0,935729.54
2019-09,55b119f89175fc8d78ac63b4c9d81aeb,17730
2019-09,5600540bd858ddc26b1e9ed40b6ef0cc,111.15
2019-09,56ad7e20b5daa195721f74a923210f6e,182.91
2019-09,56da2fd68fcce15583bdbb8bdd9b8390,2565
2019-09,57276ec1d3bf204a7502ab0d08bfe166,59.85
2019-09,575d723a18fa8b3eac204a58c3f85035,24018.1
2019-09,57fac1e75004b92484194cbb06bdbcf1,16.2
2019-09,583a15fd26e82f74e83c5ac5c9221728,35.4
2019-09,583e16bd89f492eef578d99329baf3c2,0
2019-09,5868546c1d8fb048f141626c15a83da2,2.1
2019-09,587961235e176b61f870d997e9bb6ad0,7.44
2019-09,58ec449b131d6a351285801536c617e4,770.4
2019-09,59663409b21eeaaa4f71bcc61413c7d9,1727.1
2019-09,598d3dc073b4d9777e41499c19bcd876,68.4
2019-09,5a19846c1941cbf4a5c74428a5a0adb9,21.24
2019-09,5a5a697ea21b8d0165a87194a854ef4f,12.84
2019-09,5aa534cc4d151974dadf054df84fe6e6,5
2019-09,5aa65957b6dd10d8d891fd82cd51cb75,198898.2
2019-09,5aec1274ba4b11934d2cc53dbc0f0bae,0
2019-09,5b52b8854bed3bab0a169413367c67e8,29.96
2019-09,5b995990eb937790e6b8720b9c58c11d,21654
2019-09,5be806349f342d5ae6281aa6aa982f05,0
2019-09,5c113fa1c164c883d3448b0fef90c317,410
2019-09,5c6a9c24e9e1501c404e68d9ba44a842,28.32
2019-09,5ca2268152a507aad64848d4522c66e3,60.75
2019-09,5ce5f1e81904c1dd182fbd57182c7a2b,245.52
2019-09,5cf1dca33ca70786c736a26a5a841d91,226.84
2019-09,5d0cf36b15b6ee8614d9ea10c9e033a2,5
2019-09,5d5e9142df47e2e109b6df3a462ecaef,3272.4
2019-09,5dabde1c3e417a2c0b4e92f5bc3216d2,4.28
2019-09,5db8a5c960f8e7925c35016739f801f6,897714.33
2019-09,5dde6c4c214e128940ec180db616805f,16.48
2019-09,5ea12071dc27cd27b297ebf084adeb96,30
2019-09,5eab5cd6224d5fb3d06c8c48f399c3dc,18930.52
2019-09,5f1510080d098654d7692e5dc0850f14,7.44
2019-09,5f277065eb37892e8bf8bad557411edd,8.55
2019-09,5f5f1e44be32e0bccfcdc2e30281f977,23700.6
2019-09,5f79f883d0d6ac6425cd2239bda2ca82,17454
2019-09,5f7ebac292bca93129915810e402fa1b,1.2
2019-09,5fab3513b000d4bf17360bd49c5520ab,3650.85
2019-09,5fb7be7a0b9caa06b2ca163860daa370,1333.8
2019-09,5fc98f896067a7e2112accbc1642dc13,8.55
2019-09,5fed36cf3532edc9cb5cdeeacd176b2c,5.4
2019-09,5ffeecddf8b01d655fd7a3fbbda29bc8,3056.4
2019-09,600d499f8da96446c3a9b2aecb81f0e0,0
2019-09,60470aa129b05f3f46ab36a564a2e123,49379.4
2019-09,6106ae4dde13d1a3eabb3818eeb18945,10
2019-09,61a8657e9cd6f2accf9db14d97c87e26,0
2019-09,61e27a0a789f3bbf17c6be8836510291,8.55
2019-09,62226ed4454396abe5efdbd36edb66d3,199.8
2019-09,62c7f490243032c3a76b5b457821c190,984.4
2019-09,63d19e3df4fdc49a4aa5d94fb9cfc837,1600
2019-09,64778ac658fba9fdf340d5f98c808e2b,63.36
2019-09,64a6327b8c630677f827542f36ea4586,44.55
2019-09,64b69c2285886a682a1cce743a30f760,8.56
2019-09,653a9b5533b4739a586a5925d4fee870,82.5
2019-09,65a284648dd25e5a0ee0f11dfed9274a,258
2019-09,65ce7272ad190bf0a00c738521fb8eb7,1806.24
2019-09,6615e09b3cd41e4d41ddd02f3ab3ac96,203736.6
2019-09,668d6a7c5057002ebe046d0a7c9b095f,0
2019-09,66a7b54bd036884b757bc91cf94f81df,25.65
2019-09,66b0a706b584429542a852da6b132460,31455.45
2019-09,670e5869b9c93052a10aea12645121bc,20800.8
2019-09,671836c6d89625e498e1a1fc3133123b,710.48
2019-09,676257e515a07f66d57186346ac182ff,0
2019-09,67bac81d2ee676a608caf42a84266f8c,204
2019-09,67f9f33d4c0674c705537b61cb7e458d,10545
2019-09,682287cfb5f4525b3ac6e994f28848aa,804.64
2019-09,686b6788ed9e376ccc1484335f9a8a80,27
2019-09,686e49d82eb880e5960d472438c4711f,3351.6
2019-09,688e4e10f474ae1fbe4aafec33440d33,18287.64
2019-09,68a00c38eba710714abc86ed6369375e,8.48
2019-09,68b55ca81aad5df8202a4e044a431c60,18959.4
2019-09,68ddb398560d0a4854e939a04d5b51f6,689.08
2019-09,68f2acdef7215b340634f98d78c75707,3248.84
2019-09,692f3eae72f1a26503f96f056ab70573,2308.5
2019-09,69627efeecafef5580b4561eee8f1539,8.55
2019-09,6970c84865e83c14e26656e3e0c2b174,0
2019-09,6a059193e267cc82a09badb0e0a7051d,15
2019-09,6a471faa2b9966df6685993dd24e08a3,254.4
2019-09,6a4b5459ccafccd81d394873dea04f4a,21.6
2019-09,6a5984100e58407691d7b6d6d3c553bc,3317.4
2019-09,6ae28c6c1738a6d59ce2110b76d9ef89,754.72
2019-09,6b174340538852d105d2b5f2cba03b3d,883344.49
2019-09,6b43634c130869165d0ade9d269a373d,701.92
2019-09,6b713a918a587092a2d7eb7a1e733b46,1515
2019-09,6bbcff4c193ad3d613f09ea1bfbbca68,16.48
2019-09,6c2d445af9d7bbee3d4036b05cd66c49,114.66
2019-09,6d98a577c00298865643cc2495ad920f,27
2019-09,6daa7eef19fa5e775f26a8d37233e453,624.88
2019-09,6dc9a9f0a52dc3ec90be1048b2d0b2c7,580
2019-09,6dd35544491909b0576bf31b2ad87bdc,198390.6
2019-09,6df4884df75f5e6a8f1240018a36f22b,8.55
2019-09,6e0db8bce60a86dcb4dcd2b9a504a9c9,226.84
2019-09,6e57a09821e98b992e707d31589f1e1e,5.4
2019-09,6e5e111ce55f82d6ec0740cb8a728e03,230.64
2019-09,6e8960eec3d92f11cbf5949bd140f5f9,254.4
2019-09,6ebab1b6aa1cd562cd571539ac1b52af,607.76
2019-09,6ebc2ad4880067fa5f324e0c1aa86f6b,1975.05
2019-09,6eeb0b784a26e427a993dac6b2ced354,228
2019-09,6f015884ecdbff2aef09e3c6e6b66fb6,4.28
2019-09,6fdd3df2470b99b0562158dd2a6b80fc,2892.96
2019-09,70300631ef90ae5387cb7f6c9a071354,0
2019-09,703c16f5baa2f9782d8b5f3abfa8bc76,2257.32
2019-09,70ac31ca68157327c9b403129cea181b,10347.5
2019-09,70eb06888fb19cf440877a7d5552b7d2,16.2
2019-09,7118018ea97d41f066c497a8be2db0ad,8917.65
2019-09,7136dfc435e841a22ee6ffdd6021d1c3,4316.48
2019-09,7151ea113670bd293a45611df73a3415,275.52
2019-09,718c4cad9d5790d3f5b400636352528f,0
2019-09,71a035ed9f2caacf9699bf07c4225c55,435
2019-09,71a9a19209a4e7d26e8d2d3eb4a2aebd,5.4
2019-09,71b590fc14495271152e6ab76708e054,16.48
2019-09,71dcb71704c3016c44d5a6fa7b0922a5,0
2019-09,727ae8f1744fd209c0644edda7a66f38,0
2019-09,72cb5cfce8c3041d4e13d1967ef613dd,59.85
2019-09,7351172378d5540e932c94f555a53b4c,61.95
2019-09,73578fa72532e89c8969fb8ec4d1c169,27
2019-09,738d7b7b9e37ac687fea90e22225e5c6,94.05
2019-09,739cc227e498df4e09f1e1cd08b94f9f,8.55
2019-09,73ad71bfd1e9520f24473e0344195183,33
2019-09,73d0e07d57fcfc518e56ed22f0212e44,75
2019-09,73d404d525aff7dcbb7ff1025f15160b,572.5
2019-09,73fc3a5b878bd631b858d7f388425685,36
2019-09,74ceb5380dd079a21a7838ac5238e29d,62807.52
2019-09,74e89121386a3e08949795065d3f1cb4,265.36
2019-09,752ee45628200efbafe7e30e39a11ef2,8.55
2019-09,75c7ab519013fc3fe716a5146d5deeba,53.1
2019-09,764a18ca9fcb487586a3aa6fb32db9df,42.8
2019-09,76cb91b5865d15a0a0ba616f201e3b59,17.1
2019-09,76e0a3c40effcce3638065e2eea95864,21.4
2019-09,77583ca464945890d72597646757d409,1043.1
2019-09,77986ae4ff42e5fe7e338c5fa8ec91e6,73.5
2019-09,77cae4d9e3b31c22c38e2da28f64a8da,587.5
2019-09,7823e01bd55c4ce0ff8bad02d39f355b,30985.2
2019-09,786b2023816c6f130b982ae328240307,15
2019-09,788c68f009961f10e55b26796516cc50,42.75
2019-09,78d4444a68d9b3457ab509e42d5e93c3,5.4
2019-09,7907d5bef6b51c929cc3f81d48ceec98,216
2019-09,7933e76823f26e99153fa52c9dcc48a2,8105.4
2019-09,798586adf7204a071f69a5742d251ad9,321.44
2019-09,799e54ffb6cc37d0bfae7f1e3c8ba24e,676.24
2019-09,79f2bba7942e4bd131e5a718fdd9c082,12.36
2019-09,7a500942986da280f519273b0f8a0804,75
2019-09,7b7368ef652966af43027abc66a36a3c,0
2019-09,7baa89b87ba9df8cbeb3ea2b31c0b9f1,610
2019-09,7c128c77dc2157dd873db5bba552e970,149.24
2019-09,7c17499dff2075b0484260983861cf45,245.52
2019-09,7c802bfd9e9e3e5add1797e8026969fc,72
2019-09,7cbf310a1152e9c7bb95552e493371b7,1026
2019-09,7dcc5e35e36aa4be6fc0c0ac43a6cd75,8.55
2019-09,7df18142290f900bba1392861c4bea5a,8.56
2019-09,7e1103ca8b07a48de6b01673fddb133c,21.24
2019-09,7e252e74cae9ba8d3a552f94385710b1,20520
2019-09,7e5aaa7753ecd54d83e56173ac1aeba6,527.5
2019-09,7e7bf3a17c25e68dccf24ecc67a8a870,0
2019-09,7e90c215bf8db83fec28d8b7a0e83489,1368
2019-09,7f1b03d7e77c73a364f35feadbd19d17,16.2
2019-09,7fbd341d8a119b4b38b85583b7f8eb10,30
2019-09,80068ba6691c7169952bb859b83bb2bc,8.48
2019-09,800f42f55e948617db9a3fadd2a4916b,48.6
2019-09,81ac38c18577ab0e3c5a3ae92095ae36,671.96
2019-09,81add64c578d2f00af17ff7c6b26eaa3,216
2019-09,81e2ce30d9b246f8bf72289329232968,3172.05
2019-09,822b6cf6d3ae5f5492091547d109f368,0
2019-09,826fcf12e120362d43970b756f333d84,17.1
2019-09,8288d698b549d3772d8ff9a760db9864,265.05
2019-09,82bde0b2427a0bde04ffc714d961e5f1,785969.78
2019-09,82e9e9478894776f3aabef14513c68f9,18
2019-09,82f63b7bdefd83547e0feeb4ef8e53f3,9882.5
2019-09,833f58860f8210ae0031dbc995bf4ee6,0
2019-09,8350a293bb72cf2dc8e4376b167391ad,0
2019-09,836a8d1fe247ab7f8c2e453a7b53e0ad,18
2019-09,836f9365b07bf558b0dc076b316a72ea,5.4
2019-09,8380eeb1a33948cc160d64e126eb6900,7.44
2019-09,83c3d7686db5caa4660f59fb380e18fe,2.1
2019-09,84198b0a5db3df3316091a60c3711d60,29.96
2019-09,84598c7f2c3491396d0fbe68c54cd39b,0
2019-09,84c8b6cafef0f690781655a0de6a21d8,3197.7
2019-09,84cbdd606b7bab60ea073b5cca8c89f8,5.4
2019-09,85471dd7f42b7b59f2bbcf250ff06d1f,576.64
2019-09,85e1803a9fd6b376f51bd0daf4069758,8.56
2019-09,865a03837e2a43d6d84c5d751276d1b9,44.25
2019-09,86769cef8a7dabd60c173c1e5609c6ea,13182
2019-09,86ae68c6d6b83bfac522af4179285ec8,2.4
2019-09,86b67c7babf6193008b7154fa42db1c6,15
2019-09,86bebd225ed9009d623bc9d19c00831c,21017.14
2019-09,86fe0ace31eaa3bcc14a395546714a23,8.55
2019-09,87baf3df227a3ae341280cc73c0c81d1,1051.65
2019-09,87ec1c64d1ee40ba966d57c1840a5e30,235.4
2019-09,87fa1b8a9a919130097f0e35c112df8c,50
2019-09,88c294bc056974f722ae477e0af06a95,0
2019-09,89035deb660f29775be941d8f66cf07f,1940.85
2019-09,891296d9a7fb8a8719e3265416dd1201,51.3
2019-09,8914d5577f3f8b407adc15b7ff4aa379,205275.6
2019-09,89255ae95d5dc0aa30a421bf2efd5a6c,4.28
2019-09,8928c9e35e90e0b82c3124be82711809,216
2019-09,893a246a59e970887657995da95541c9,17.1
2019-09,8952a18ec391623378dedb3a388c8c0b,87.5
2019-09,897a191ab56aab3628f7dda19a2a205b,5
2019-09,8981bf48e89338028c2b115c70ef4f83,35790.3
2019-09,8983f9d3dcc3bb73ce5b05965495f767,84
2019-09,8a9ff186aea51e85014345ec8a24b024,63333.78
2019-09,8abbe272498b78f2d8c1e92a80c8a141,8.56
2019-09,8b8e05d9591607536ed254822b1cd754,5.4
2019-09,8baaf5c1f13b63ab6fca4debe3fc0e47,6701.4
2019-09,8bfcc68feef66fcd6c47340fa8eebcd0,238.08
2019-09,8c3b963badfa4a181f3bad3530d5297a,8233.65
2019-09,8cb1d4afe120d139e9c5be474e91294e,267.5
2019-09,8cfa9ac6c60cc92123c45ccef9971f57,287
2019-09,8d239f9f9f090e1d251770f6e78a18e9,36
2019-09,8d23d94be48f380d4b3161c7e00bdd5d,16.2
2019-09,8da736d60ff6d451f5ae5ae6c6253350,164600.24
2019-09,8dbb339e8c643de8810cfdecdd2d18d5,228
2019-09,8e098ff380a6a8a7acc75cda637a9440,425
2019-09,8e2cd6a5e0143b6baa663ae14e884126,8.56
2019-09,8efcd0da12a412547a13a5724bf40cf9,0
2019-09,8f1d9e20defcccaf3f1a7837dc0bf87d,0
2019-09,8fe31a85d547cb2635f4df693b88b0cd,8.55
2019-09,9009ced02a5102cae569ec08c2158677,10.8
2019-09,90331a0a45ec045d13ef840ca36c169a,0
2019-09,903d2312ef8abe8b292459118be89253,652.96
2019-09,90425456a54c53435e0ea3ed9dd46ff2,195750
2019-09,908e4b4797c43c43ba4bb3ee22e841f0,5.4
2019-09,90d0c624f4aee40970ef1d24f2256ab7,15176.56
2019-09,90db3f78ec022658e16e2e08ee340693,6
2019-09,9161315b12d68c52dd2c482e40f1f13d,7.2
2019-09,9166cdb770a7430dc1460aeff69ea62d,161982.8
2019-09,916cc1f38f64b3753130e460df5d4fa1,53.1
2019-09,918c685946e21cfda7fa1bf4081a5e75,6
2019-09,9196b5db0dd0e536cfccddc0750553b4,4410
2019-09,91c9b7b79e0f664b2e8cf7af51da38b1,21.24
2019-09,91d91490b47b62ca979430117005b42b,367.36
2019-09,91f730486eb078a954a75781ac485ecf,172808.44
2019-09,9254a9da4ffa6e486136498941e33376,35.4
2019-09,9284622b7100652e9f2b27ef39b15b37,2171.7
2019-09,92d9bf7b4652de40ca4e02796824c388,18230.24
2019-09,9307dc896f5a9a6a96e8dfa4fdb1a2ac,0
2019-09,930bc63f12aee9f6fdb4a2f2e785836e,10982.5
2019-09,93257da52046ea568d27801b0bf6961e,3271.8
2019-09,935b381023c8bfea1b62406d30af1db9,17.1
2019-09,938b161454c8813750fc773ac80a1ece,8165.25
2019-09,93a8431126c1929bdff0415fc75bc111,42
2019-09,9535909875b43c5b618c657d447ee20d,0
2019-09,95693b326204bf5124db4b3a90d956c3,3317.4
2019-09,957d27f1acf300f977c66ea2f551384c,0
2019-09,9581c4c33c0cb4ecd54863c4b0e6e1cc,19391.62
2019-09,95872563a5f86e2f5f213079b6aee235,0
2019-09,958a6e40e9a044397d8148efd7d6d1d4,0
2019-09,95d6670ab0a1fcb9cbecb916275d7e30,4.24
2019-09,962f95fb6f511b8d22bad9ff694ac5e0,48.6
2019-09,9663a59509ef6b9f6d737eb8fc005c19,507.5
2019-09,968d3cfda4e0cb02aa3e8dab8316c51c,17802
2019-09,969397620ffd197a8d2626d36a7e9f03,18322.2
2019-09,96c7282d708927e316c5eca652db1fa5,385.2
2019-09,96ec516be68c9532a41487745d146679,11385
2019-09,96f33515e260a35075cb6490226a226e,5
2019-09,998690c5516609e357f1fa5d2affd446,2001.28
2019-09,9a136c6817b5055c4c7c1470aa0869d5,5891.1
2019-09,9a9b4609fdca14cdf372eef70808d63e,207073.8
2019-09,9ac31a51fa0cbbe8751f012712cc8bee,119
2019-09,9ac9ea87650b293046334e2d0ec5fab3,2878.2
2019-09,9b409561305ac8b886e62e2edac617dd,19366.76
2019-09,9b80b05fcea846ba31b45cae9d3837d8,33994.8
2019-09,9b9092cf0b99bc2ff6d5e7c43624d7ca,1111.5
2019-09,9bbd0f976a79ab166f74b8cb8d37ff3a,552.5
2019-09,9bd2e50af90bc3eb92343451bb7353b8,16657.48
2019-09,9beaef2159153ebe68c4b275da8dad95,0
2019-09,9bfe84f0b35bb8f6b4cd8f1611bf9167,0
2019-09,9cc0bd565bf8a38533967e5abec1ce31,85.5
2019-09,9cc5782a022f10fe4f8ea1f485251a15,245.92
2019-09,9cd9990f6fff2ecf5a01d1b319d42224,43.2
2019-09,9d10e0f2a51b0bb4211b69db98d9dd2e,64869.6
2019-09,9d1e5a792ce9e2f98103a69d24f56d1c,0
2019-09,9d31eb9ddac2a786cee27428cac6ab7f,8.55
2019-09,9d42130514af7dc982eca31e35b84d0e,85
2019-09,9d99962b3bdbaa8b92954812e65acdf8,18
2019-09,9e133a83e4d14b6099a315ce7ccab16c,222
2019-09,9eb3b9c5e95d5c5c43375fc0f0016c53,7.44
2019-09,9eb4297ee16347293f57eb1b9ea4d061,5
2019-09,9ec8ec9cadef9f11681b8e684af51e90,4.28
2019-09,9f07c0972fdb4fc92490399db08eb7cc,18366
2019-09,9f106e48d948a8d8df793e9193cd597b,5.4
2019-09,9f6063ee9fc234229f2fefeacb1b6555,16439.36
2019-09,9f821e94e562139b7c9a3111b98914a4,3482.5
2019-09,9fb3ca3c3f4e9e346c3b3fc1bb7fe54b,2034.9
2019-09,a00277dc445339e3eab3e12b7d6afff5,500
2019-09,a01b2a77c818b2c9d8fc65ff938fa2aa,678.4
2019-09,a03403f4721a355509681157a9525bf6,7467.9
2019-09,a03cb585065cd903700aecec410e5b19,8.55
2019-09,a03ccb3438243bd633eb35ddc72edc23,206388
2019-09,a0786f8570669de2bcd317d75cc08506,0
2019-09,a0a3eeabffd223dd315e5e442a8e30fb,0
2019-09,a0a926743bc0d182c0817ba351fc174d,0
2019-09,a0a9315b0f91c6d1a8b5d7673dadaf63,103.32
2019-09,a0abfbf70f961cdd28f088b3dd570a84,2380039.87
2019-09,a0b561538bd252d2cd8fa08afb5f02b9,26805.6
2019-09,a0dffb925073cc4b156fcf5864e88643,4.2
2019-09,a1059faa2c44bb94734a48b7d63ef124,557.5
2019-09,a11b0c5475d5cb3d8a1716cf6fb3226e,5.4
2019-09,a14e3a94c85e2ee2c335ef44fa3ad22e,101.01
2019-09,a24e23da882281f244ba0642b5fb75ea,16.2
2019-09,a25acf3a495fb7573f563339e3187353,8.55
2019-09,a297b12e345204c96e39dbecda3b8e94,5.4
2019-09,a2b53a834f5d6e31efaeca17ddc1b7e4,530
2019-09,a2d08e33826c6fb18033ac02ccbac90e,595
2019-09,a2fbf191bc104171a7a727bd425ff3c5,10.8
2019-09,a3af10a85267c454d3f970ec41980509,1915.2
2019-09,a3ead574d90c904972766f70e718e67a,30027.6
2019-09,a41eaf5c2fd2be8d1352eb6993aeccb9,0
2019-09,a46799c6547b24da6e0de95d657cdb2a,51025
2019-09,a47e7f8743d201a4c4beed09775ef94b,2009.76
2019-09,a493e712c539ef20de2e33b8be7bb8ea,238
2019-09,a49c268d8902587b4788bb3f26337e48,0
2019-09,a4a3f04092d4be5a8630966eb512df72,1231.2
2019-09,a4ceed60a50188281ee1536c4db959de,245.92
2019-09,a4e589f0479e7e3deaed7799077a2d4b,6
2019-09,a53e46c23993bfa639de632d0fb078db,4555
2019-09,a58a272e3a1c9f2d41d64600ed865b44,3402.9
2019-09,a5b1aac3ff97408287c3acb37834e247,12.84
2019-09,a5b1cd8ee9d8ee66ab40776e78b510ce,380.92
2019-09,a5eac12903ffa678de1d72f5ef95ba0e,562.5
2019-09,a620c7619b1e4945a9bf67104c843c5f,0
2019-09,a6930efb9f87754ea28b1f8437242cc7,223.2
2019-09,a6aced69f3af1c5400ee88057b18f081,25.65
2019-09,a6fc005c4ae200bd6165452a60dd7371,892.51
2019-09,a71fbea615701ed5de397578cb8f33c0,216
2019-09,a7356dc340d42799e0e329576e241dcf,567.5
2019-09,a793ddfaf58a8ebd4cc5196ca14626fb,16.48
2019-09,a79b5f01fcd549ea62214a47b0ae8a06,475
2019-09,a7aa787c314e9013aafde58e32ee9468,119
2019-09,a7be29357cfa2a702cf6e3a7bd6740aa,0
2019-09,a7d2dde095cd714f354de7499137d3e0,2356717.6
2019-09,a7d50606d54cfe461a1563177a956d1e,986376.27
2019-09,a7edb564991916e6abe1144a547a6353,220.48
2019-09,a8318b36356da37f78d7c0c6199ef332,573.52
2019-09,a83fbf54622956a5d63837c1b38b7a1e,149.24
2019-09,a84337634401267f1d9038c2b5147977,620.6
2019-09,a85097bbbb80a5d78d94c3b585372f7d,32960.25
2019-09,a89c582730ca22d909f91e20260ad4c8,430
2019-09,a8b05ff964a82b890bafe749c7117684,204
2019-09,a92ad55fd02d09747fa0fd3d44939b2d,16.2
2019-09,a938d80f712f17883272491b795eed39,102.6
2019-09,a943d7c955bef89176b5a0f98adfd9b2,5.4
2019-09,a990ff5ed8d2e41fcf208997e1d83e81,80.36
2019-09,a9a0645ee8493a36ddbc3726bf01e02a,350.55
2019-09,a9e707609c0fe3645f74b587b5e20c62,0
2019-09,ab84ff3751388eb8ad0fbb4cf3daa663,108.5
2019-09,abd0be7ccff977164a7a79509ad91709,77.5
2019-09,abd5bd88479bf180eb81d7d9652bf6db,535
2019-09,abe0c100d42d13c5fcb6e680e86167a4,1848.64
2019-09,ac0db693f71c264b9a1543fb20719d5d,62850.48
2019-09,ac2d6f5d62bb42edc02b09d041783619,18138.4
2019-09,acc6c7b12e4e679a41b32bfd385c956d,1.05
2019-09,acfc3101b234806b104d953400b72b2f,3294
2019-09,acfe082d47fa7016b6e09f3f896e0185,21.24
2019-09,ad444672062fbc594de9050dcdb6e84d,4.28
2019-09,ad6a8bd0b03482c323a1ce289c0ac6b6,25627.99
2019-09,ad70ed13e4d48aee44865d27f0fef0c8,267.5
2019-09,ad809fdf6d86656d87b90a007d767687,51.3
2019-09,ad9344f649dabb95427b9e7f37255a70,48.96
2019-09,ad9bd4e7942cd0825cf2a07270d7f045,40.32
2019-09,ae9b1feb66027b9a292c1d4ea4e130db,42.8
2019-09,aeb1cb21cc9b1ee00301f1f411c7b05f,12.36
2019-09,aef3a4a4aacb9a9e25d0c8c4a9fb372b,291.04
2019-09,af03fd32e8b4b8aa8c1f725837cdb643,8.55
2019-09,b087b2dda110a04870c51c069cf2a3ee,610
2019-09,b0976571a11de8e2185979da0327ed7e,8.55
2019-09,b10ac410869580f7ef311b45718242a8,0
2019-09,b11290d6ee78a5597e10f1a6144f1a75,21.24
2019-09,b1b23a49fca216d2e299effa1587073f,3.12
2019-09,b218f78937105878fec5ab6960b44fc2,10.8
2019-09,b262aee12016922056530db5c5451bb9,16.48
2019-09,b2b8863b5a8ef8b3650b159ef61cab23,203310
2019-09,b34fde995055ba028cb153dbda111aa3,0
2019-09,b35c69abac9ba1d7208cf3229c313048,51.3
2019-09,b40f0dc039b9e4daa41ec64f51812b82,27
2019-09,b422276456cc0a88a45b18aa46fbf9a0,0
2019-09,b44d37751d53b923fdfcc96a48a6177d,4201.68
2019-09,b473e82ffe098aff346565bbfd2351ea,945.88
2019-09,b4d1ef2b3106ff93591b263cb0107c66,4.28
2019-09,b4e6122e927258b9830ad58f5596e6df,25.65
2019-09,b4ecb430a48f897e9117e867e049dd1f,12.36
2019-09,b4ef17692a76c5fc5e509ff249909f80,447.5
2019-09,b5092ae662f151bcf6eb45f50f09c029,4.28
2019-09,b5790d2348ea2dcdb5386f6a1c28d02a,287
2019-09,b58638120b17996e80196b34f2bf9a8a,1630
2019-09,b6dcd92290baff215426f055550fe5d4,25.65
2019-09,b72ddd569cf1fbebdc641ad0772e6fd1,36
2019-09,b74f337918933e2803fd7c1e367f2a04,857.55
2019-09,b7bb89714adcab000723cc6a54e24e1e,16.2
2019-09,b84e21f9edac6cf302967caa502b4d4f,222
2019-09,b87fd0dedb6ee296da52c93abda72d79,6
2019-09,b8e83685358cf834a51808db8b92639b,119
2019-09,b92ce7b4c0216db45922b5edb2945317,483.64
2019-09,b971de30e841469708686fb7a7905093,215.76
2019-09,b991671f3196c36872586a3a2a3b613b,5.4
2019-09,b9b10ab570edac1c1e12ae294795edca,830.32
2019-09,b9e15d0e5dc998ca99f3a77b52f73d61,3240
2019-09,b9ec48fc67a0ee66dbe3af869844564c,445
2019-09,ba00308d952178e1d0fd7b27eacdbfd8,0
2019-09,ba31c788af1a5453054b13ef4356e30c,2603.36
2019-09,bae16b10dc3c67c02219aed1fd6e022d,282.72
2019-09,bb3f2eb1d26d2fb3d1ac7a4be8e1eae0,28.32
2019-09,bb6237ca0d740c42996a556a7c94cbe3,8.55
2019-09,bb71bed252a51199055be38930a02ed8,16.48
2019-09,bba00f5ce0f26b068949806c30c1e5ae,239.68
2019-09,bc2b5c9686f13e54b7b783edbf3b0c21,552.5
2019-09,bc35b3c54368bfcea0a090f73b01b39e,2321240.11
2019-09,bc3c9813c6b49ae9f83a648b66a7d0e6,275.52
2019-09,bc9d21deeebc41773520fb84afd903c6,0
2019-09,bcaf5bef05f5b276ba77763d9a9fecd2,2329922.78
2019-09,bcbc2a2c44927a5935bb97c465a2f8a6,18542.39
2019-09,bcc8c4a4d416dfc5e67c591a1b1a0d26,1102.95
2019-09,bcd1b1312022f36dd48daa9bfbbc1a21,21.24
2019-09,bce511d23c255f24105fa32ffc66aa11,619.04
2019-09,bd166b9884f01966a3740f00602c90bc,21.24
2019-09,bd8c7de3e4694772871eb6620e97fae6,3360.15
2019-09,bd9888ced0da166da7115fcaa30fe6de,12804
2019-09,be3fea8f3d17d75de9d664a5d69535a9,8.55
2019-09,be60d529e2b9060460f62df11a686e44,9987.5
2019-09,be85e512dfe17bb8ec8aec9ea22cbf24,53.1
2019-09,bea94e12e8d2500a3fc3786e6afac2a1,17.12
2019-09,bf87b7975312a2d0b63240aab1854d35,216
2019-09,bfab72669e4ca14f5cc549027aab9a7f,59.92
2019-09,c0024dc01fa74ea2672075e13431aa16,15
2019-09,c07c1a9d0cc7b26f365d21eb0841a8e0,1465
2019-09,c07e7676c392378a789a0d274a9f8b17,372.36
2019-09,c08b1f34db414a0831005f76eb769445,332.92
2019-09,c0970c339a4387cccf7b3165ab984eaf,198
2019-09,c0bdf3c58f5ab21f51e0d5ac19b795b8,0
2019-09,c0cd2039389c5e55f8d7333f08f2f744,1038.51
2019-09,c161dc10e6ca890290736aeb852d01de,3.6
2019-09,c16bafddb34462aab3ef936b7c86c874,288.32
2019-09,c184be9ef6cb56e63227b378b8a1d83d,2136.96
2019-09,c1d37b031ccdd056d6839d6180a12845,0
2019-09,c1eef8adc35cd7394ac0c526ea10e98a,27
2019-09,c235ea1a6a93a1fc2bc6763eee32a510,59.85
2019-09,c262d59b6feeae5c7d96e738eac2962e,2060.64
2019-09,c31a915f275f191895d1e39f1f777c5f,8.55
2019-09,c3b0d7c8c147ad69341014b0cff489bf,13092
2019-09,c3c244e7f93d78539ec04466de6f3c7d,142.8
2019-09,c3c2cb6f94beac575428c35ac6a671b7,4742.5
2019-09,c3cff6ed670c2d5aad13b74f8307e1dc,7540.9
2019-09,c41270400014a1b4ea353aae3a8114f1,137.76
2019-09,c4563c28c21354df1cbbdbe6d2111c6b,27
2019-09,c45da72229db1c7aa86e5e5962c49765,0
2019-09,c48155a36f3d8118a087f0a2b3d7c726,17.12
2019-09,c487f6d6a0e28556e96ac11875f41d5d,982599.04
2019-09,c4b5eb6b4a792bb931bb6d433c055228,2188.8
2019-09,c551f09a97be4e7f2de0955af46eaf77,565.02
2019-09,c5ca2d799f79d2608a9b7fb0cc607364,73.5
2019-09,c622b2b7ccc5f8cc909ac2995f3016c1,199.8
2019-09,c6786fc711be85a734d11175b9b801fd,517.5
2019-09,c68bb406de1bccfdb5fd17c283bc990c,435
2019-09,c6b85c778382fd179ef315db3c15c643,4427.5
2019-09,c6c61124950863f219be0c666e8765bd,20355.47
2019-09,c6c819beb458ebf1e92ea6ea70597c9a,51250
2019-09,c6f071487d55804d633b406096aeea26,42.75
2019-09,c71d9a1ef0b595f4c6ab445dd3d9781c,60.48
2019-09,c72bee16432d55793467c14a263c3866,1.05
2019-09,c7346c8b32d9b6368a3af827ee500ed8,4465.72
2019-09,c769bbc5b524b9ba95e8fd4a32e779de,1098820.78
2019-09,c80e0cd98d79e7a5febbdb62c5eefe79,378.84
2019-09,c8154566ebaa80bdfb1d0a93aa81a816,1932.3
2019-09,c81dda2d1665e7711ced7b0fc9ba1860,16.2
2019-09,c846898199e1aad05a3b0d704af371ef,50940
2019-09,c8489a9fed94b6c8db1866aaf2c6e01f,19040.4
2019-09,c884d71623fc0fef08ee3042cba535ef,6
2019-09,c963dbee1d8fe708d7a9dd0defa2e769,4150
2019-09,c9792fba2ed6991a46bfefb58aa58628,12057.5
2019-09,c9f899fc40681a45f3d1ff26e9f38195,15279.88
2019-09,ca2fc33c1ba14979e774b9ff2d43a749,17355.6
2019-09,ca6ec0abeb74aa48d02a0cd2c1833a60,462.5
2019-09,ca8ac9bd7df4cee96e7726eafda06751,111.15
2019-09,cb0b605b3bcef0ade263004f8cb2ae0d,346.68
2019-09,cb2c68aed43a7313aa8807b9fad0b10c,1188.45
2019-09,cbae83359a409d3e723abd508102dccc,2.1
2019-09,cc40f815c6415398983e5cb212ac5b4a,5.4
2019-09,cca84709506a067e5b55cfc8a4b767e7,1848.64
2019-09,cd33705327c7547d5d86a1f0bcffb8bb,0
2019-09,cd6cbb698c3310ce4f1409d6deeb4f0b,49.95
2019-09,cd813e248563c7a66bb2dc5c542071ba,77.5
2019-09,cdff2d8c1ed0cfaed3098986ab1f4d30,37.8
2019-09,ce4ac31d27a1b33b09144ab5e5583ddc,14.16
2019-09,cee84fb1d7c314497ec58b74ff38b69e,51.36
2019-09,ceeed059c266f7303912eff51a61dc6c,84
2019-09,cf30226d630d7939da0f06386dcbafe4,720.8
2019-09,cf6df1d05240a0e3b470de4a77f5090c,12.84
2019-09,cfaa7d5297d763b8d6732f9467d6cbe3,12966
2019-09,cfcbbfbf54bddb7e80d65cc0395c6535,43.2
2019-09,cfcd7cbf688ee358d708d78333136a68,0
2019-09,cff1fcce88ea1b8a51a8f933158c55b1,8.55
2019-09,d19d4d4078dec71e2411569b2a54a7bb,216
2019-09,d1b02c83b4e77f77e9f1f68e65af35be,17.12
2019-09,d1e0e3346d25a37ff34442abe9f7f927,0
2019-09,d1eb29af35a4461d447fb1303d113734,275.4
2019-09,d1f49cd10f4b94eaab18d1406e63fa9a,5.4
2019-09,d2074f8fca63a9b89d17f77d4a579740,171109.4
2019-09,d2180f722a57bb92099e8fe1757d428d,12972
2019-09,d26263bb94b826b7ab534f72fdbd05cf,25.68
2019-09,d2c3acf7665157560266892ddaec13a2,4.28
2019-09,d2d73912e6e41fc9a41ebc7408df260c,0
2019-09,d30c790498d0311ca1b0bbddb9222989,94.5
2019-09,d33c3a39f592922ed1620ba2ad6a1048,8.56
2019-09,d3b6f83b845fc42a1b74cb646a1ef332,84.63
2019-09,d3c636b5f2dd0ad2b5858b0d1daa9cf7,0
2019-09,d3d7b16389b0598ddc479e786cc12419,2238.72
2019-09,d437d8a7cdb5de87d3cee85eea812966,1797.76
2019-09,d467f512ab94a0f6b9ccd3215d8067b3,7.08
2019-09,d498a56814330faae34f5d7900fae23e,252.56
2019-09,d516ce773e40e581816946ebff77ab90,1.05
2019-09,d595b7825d03e4a53533130b6251cce5,12.84
2019-09,d59c6692a3422436bcfdeeeccb3eecca,17922
2019-09,d609bf0583c1144cfd329674f78e6526,55118.7
2019-09,d663c0ac933d211081bb1f5804f1620e,6
2019-09,d69b9c73e1574e536549a23570ea709e,21.24
2019-09,d6a893f0e8b48021e8954847d439076d,0
2019-09,d6ef1a5dc2af1d5c087510812f3a23ce,7.5
2019-09,d72bba0a756a47da37ef32826beb0a8b,48.96
2019-09,d74679e13aba7cc74efe475c610215a2,0
2019-09,d7f7934494079a8f6053dcb059d3eedc,0
2019-09,d826023d8512b5773c335e53a5e24447,4.47
2019-09,d8c07b7a90440e25c584372ef9775e6a,17093.72
2019-09,d90de070d10897910af2d72ac06e923d,3535.84
2019-09,d95894a095984a39eb5c32fe32edc0a3,49877.1
2019-09,d9651b9ed9e436e77fbd2e5efd7d8deb,75
2019-09,d9b29c582081410363ce19977851e761,8.55
2019-09,da727e416c14c6f985e335e31d91f4c7,0
2019-09,da97e09ffa94768490bb04e2e75bd494,5.4
2019-09,dab02c0f4e9d87d3d01820fa2c11bcf9,158.4
2019-09,dac09ac4aa15121c21afca78abff3f2e,2813.4
2019-09,db17decfd91bc3ad986cf8442ba709cd,47895
2019-09,db39ee7686c5fa7257b3ab8df44f179c,1032456.3
2019-09,db59173d08e19c68ce31b11d7b3cc35b,7857.45
2019-09,dbc2ee1868e7d080047d3bbbccbbe6f4,363.8
2019-09,dbd45e3a5bb0a1be41596319bc467507,1729.92
2019-09,dbe86ea992423f90b26bf4c39a797c16,1.05
2019-09,dcaa86b934541234892cd39f2d28124f,54
2019-09,dcb1aa78aed708bc8e55efdae70b3635,72
2019-09,dcd7fd9f6e6463bbd8cc042a1e9ac711,5.4
2019-09,dd03c2f96d3ad6ce0f834d34d17b44d4,21.24
2019-09,dd050d7e84c2cc1f9b1212c31666d81f,63140.46
2019-09,dd13ab3908954fc718135bbf310d25e7,2396080.33
2019-09,dd56bd6ffba7d0bffe9ab69b24f3b8bf,1084.97
2019-09,dd6294f4e3a38c194208d83ccdc49552,12.84
2019-09,dda368e0c99c2f3c23c66894e1a70d62,447.5
2019-09,ddd20339da80c3dba9ff1e484acdca37,63355.26
2019-09,dddac55549793b229a008985510a1015,669.92
2019-09,ddfe584781ed2941847717e13e588638,8.55
2019-09,de0170e3de119a4c7abfea02fa0496d3,889.2
2019-09,de197f0837e7c5aeb58612d0ea7fd051,199.29
2019-09,deca4f018bc52bfa6f3680c52862ba3c,45867.5
2019-09,df0117ebda5349d8d703b72cb53032ce,2432851.2
2019-09,df73562b8f00f49fbc61fa9316b61483,14327.04
2019-09,df8c4e47375c2de60021a398d328d3e9,28.32
2019-09,dfd35fcf1a5acf7ec01226000f7437b6,8.55
2019-09,dfd9741b3c2f99cd2c332777b9769163,4.28
2019-09,dff2b71d28828bc7e42fc5efd96ccdb3,103.32
2019-09,dffc556d15e22a06289992db99dea6f8,164049.2
2019-09,e00082515da7eaf663857768c3de21bf,8.56
2019-09,e01aa3a6c0bb7111cb2a3ed3321ddcb2,582.5
2019-09,e02a46679679f13e46800c19ff73dea7,254.4
2019-09,e06ccb6148930abce84ecc7a84b92672,955742.8
2019-09,e0a74b1223454dd05781cd1f4f659964,222
2019-09,e0ec54e51b9c1de3a7321371d30ae7ff,91.84
2019-09,e1075bde7310ff13a122fa9f2fd3fe2e,232.2
2019-09,e12b8f9046f31a2462ab1a78b553aa91,2464916.17
2019-09,e12f6fbda2cfd7b35279ab59956f20ba,0
2019-09,e1764235b7db09763c8eb1d67e0b3771,126.28
2019-09,e20100e25f68863a0b1ef5dd20642f5d,16.2
2019-09,e22811d1dde0c695df777dbebbf9773f,1814.72
2019-09,e2557da7a73f555e8700570ef44cd537,15
2019-09,e279e3a24ee343c53a0a37baa56b3f0f,17128.16
2019-09,e2a2dd72da8c8c25d08ecc368327f810,8.55
2019-09,e43cfc29300acfefafc904dc3cb894b3,119
2019-09,e45056be897e5a6764b180e15c0db660,18046.56
2019-09,e48a741389052055708a6694d382e9c8,21.24
2019-09,e4a98de4475702c1e41c89985acec686,650.56
2019-09,e4aa4497d2ddcd029c4bf044c05517ad,0
2019-09,e4eb8ab372b748c832b49b6e2dec0c13,20574.29
2019-09,e5098190c402712a3c2b8b14e698755a,7.44
2019-09,e549669e4b0980aa823fb67860acc189,8.55
2019-09,e5be3204d7fc790bebe4a95130cc49d8,12828
2019-09,e65456eb679d822ce915b420a51d8f04,59.85
2019-09,e65c6b2dd427d79a0d12752489724173,198
2019-09,e68b0428e36fdde74d7671cd58ae487d,17436
2019-09,e6d70902d98b3750ab8c5880cb537f38,40.95
2019-09,e70e7643a38ad2545d344a9a697eddbe,33
2019-09,e71e4972d8721af694760f2548a0e036,1239.75
2019-09,e732d4b76aaf99aa3d47badf6b2679b9,2382254.76
2019-09,e73e5aef3cc6a07af7929569a835d987,48.96
2019-09,e761236d1de6369f3547c9e01b7812bd,166379.64
2019-09,e767268b9c60c2219834adfad81f348e,8.55
2019-09,e789cb788cfb79ba86b8be7b6aab7de8,0
2019-09,e846efa5d0c19e08390d653eea63a26c,21.24
2019-09,e854fe0717b133cf571e44795b8e327d,0
2019-09,e8b27a5766927de10c593a9b954b7af6,0
2019-09,e8c12221687520fb649d3bb90f074c9f,744.72
2019-09,e9fb5cc245c3865a8e19e2586271f809,51.3
2019-09,e9ff553e5a3d568b6347d42078dfc470,4432.5
2019-09,eac148c7a3a54645b9e0013e4870da4f,17748.08
2019-09,eadc94de5a982c503d081f34cd9ec01d,5.4
2019-09,eadf507160593c07f5c66d91e3e53983,0
2019-09,eb0dd29386711cd8aa4aaf90a38020f0,158.34
2019-09,ebb1c589ce316e09bb7330fcddf7c3b7,235.4
2019-09,ebcbc28a4b8f38ac9037dd03553928bf,15156
2019-09,ebdf61a3c3aa89b5a3dd5f1498a73335,210
2019-09,ec148ff74d968e579969abc360b8f952,7489.8
2019-09,ec3c220b14a119046bfebac5d309dcdc,198
2019-09,ec6069a9f63ebcaf6a1d49125263ab49,1941.92
2019-09,ec6a0ea91c11cd09466738f09116d9e6,49738.5
2019-09,ecf07cfeb5b53e93b006a7e2fadd0920,171.12
2019-09,ed27afd82a5a9e6068faad041a58f5e6,30
2019-09,ed483efbc251aa092619cd7f870b4ad7,142466.8
2019-09,ed9c8a2a69baa2b6c08573949526bb1c,39299.4
2019-09,eda54bc4f64a8e009f1008ddda27c36c,59.4
2019-09,ee176e8dcd4a0d34a2fd83ba7168705b,5.4
2019-09,ee2247174c430a0b0068eaa6b3527c31,1615.95
2019-09,ee82b0568f02bd270087151d67fe1b65,41.85
2019-09,ee97d70019898e65e29d5eeb33746e2a,0
2019-09,eea945f04bac4840275f45b710824df0,3466.96
2019-09,eeb23dfe16434ac5532d80aa7ce619e2,42.75
2019-09,eeb3d35f01a1bc6726b69a722e271c7b,8.48
2019-09,ef4d73cd51aceee0d8d206fd19a60f68,570
2019-09,ef791bfc7b0a9cb7e38eb5728aed0f73,6275.7
2019-09,efaa1ef0653058f8dc3d7f089020f1b4,21227.4
2019-09,efba24d4152ad93549965d9643294b9b,2160
2019-09,efe48cb013f3ab15381638e68ea72db0,1075.04
2019-09,f053b5445a16a732fb96399145c934a4,4450
2019-09,f09249da104abab9bede72b6525f51c7,9205
2019-09,f0b101d107ccac763449cd02adf807b1,47790
2019-09,f1253ef6a8ba0255d72a975a042f378d,0
2019-09,f15fb9d03eda2fce800bd10caea873ea,0
2019-09,f165019c62f746251617535057ad622e,119.7
2019-09,f1de8894485bb3109efe7617d2c9a0c8,48636
2019-09,f234e736184ca24f76557a9c0ffd531e,1162.8
2019-09,f246dc55b9120bfdf50d49a2ee7c2abd,25930.17
2019-09,f24e18ab2e71b96df888baeb7f3fabec,0
2019-09,f2acf07af15effdec2fbfb2fd9efc936,278.2
2019-09,f2c553a9bacfeb25a1293a952b18dad5,77.5
2019-09,f324a492338f1721e7e79e8fa3208b73,1915
2019-09,f3670bfc4c24bd9ccd1377a53e8fbc01,49077
2019-09,f3a4f0ca8a1076229a92d3a454487b51,77
2019-09,f3b6d9ab70b65af1cf1fbddab9583aef,8.55
2019-09,f4410ca76890eb53a250e7067470f87c,8310.6
2019-09,f44d8781902faba86dd70fae475da3cc,877.4
2019-09,f4ba18b084a2a5b12e61398156174907,2551977.88
2019-09,f4f04819428ab7a369a0a95066773865,9.6
2019-09,f4fe21b6d103f1ec6425dbd43436b576,216
2019-09,f56638b3c31c789b018d10cbeac73676,42
2019-09,f5b8c01ee2240aa52b8d8be26aac071d,0
2019-09,f61ec4e8a6533595981e27c352bceb05,70.2
2019-09,f63d528bb96a029a5cb5317b17d53ee7,1011046.6
2019-09,f658adf22c64a4c2730ba7be9242a02d,2450.72
2019-09,f684316ab938fb63d2e054937390ec86,63666.72
2019-09,f69729ff3bdc6995128f7eef037592c7,5.4
2019-09,f6fedab3d0ce2a604af4ff29ed2ae0ba,680.52
2019-09,f70d1db86583b3179bdfa4b3c0e05c5e,38534.85
2019-09,f72e70f46145a12be4915c7360526919,1256.85
2019-09,f7589eefddf5ad45560dfda9301bb304,104916.15
2019-09,f7717d4cd6798a5c08ff7fad78f9ea77,33
2019-09,f81cc13a485850343f14522e99cce051,1.2
2019-09,f84a960d8faef0d901495e4a7fc86c88,50342.5
2019-09,f87b3c9291545faedca2fb199d779aff,0.62
2019-09,f93206a1fa057a70f3ab99bd09bd6756,346.68
2019-09,f9396cbc94972849103fdda6bbed4604,1855.35
2019-09,f9860e48c2aa643ef74a7fee1c28853b,102.6
2019-09,f9c1d662aab14c1a5e8df01889bcf07f,0
2019-09,fa0cd0773d9d837a02f5c6157ecab0b3,0
2019-09,fa1cef888d680860d5155d9ea411ddd3,12.36
2019-09,fa2bfb97f76aa0d7430ecf78f3f91a6e,0
2019-09,fa47b7c8cdc55ad5c6529afef71785cf,35.4
2019-09,fa50077a33ed17f4f2c6548468840720,16.2
2019-09,fa96f950a00766226f1560a6a63bf9fd,1881
2019-09,fad608263f540b66940735fe989fb3d3,746.24
2019-09,fafd84e57d4b3c571615a7b390ca3043,6
2019-09,fb0686eac0fd08e0f26a6b3898069038,37269.45
2019-09,fb287b061cfad9816f572e3ece5d107f,5.4
2019-09,fb65ae4c89c1e72858de72c7fa971acd,590
2019-09,fc363048e4c78045a843bc9047dd3a4e,1370
2019-09,fc682ea9fceb5e47afd3a5a42c012c6a,51433.2
2019-09,fc6f8d90732d836596570c144f2d15fa,27
2019-09,fc7dd7330436d555022663abf63aae47,851.72
2019-09,fcd3930a316180078d292b91d3646687,70
2019-09,fce7226e42e1cb7bb6699224535f2ff0,1967.36
2019-09,fcf4d49f509a4bcbb79535d56b8f5d16,49650.3
2019-09,fda63be8b37dbb3cd878f9655a38ddbd,0
2019-09,fdf0e47600f0d6bb6d394a8bb3bc6947,21.4
2019-09,fe1613b48ba9b6deb59208ba3f1b3662,2924.1
2019-09,fe4e4434ba7398eac1c7c9d6399bbdf7,0
2019-09,feaa983f840fadbdddf78aa79783c1dd,2136.96
2019-09,ff177f930a9b2939b2420e8294afd956,26133.36
2019-09,ff6f55a3383eda485b59b94226dd7575,13290
2019-09,ff9dd00e6f02dbe0e2200c642948fb16,61.95


